{"genome":[1.442671101294099,1.4968466658897404,-0.4299909629975195,-2.008844314081579,0.00969741664176582,2.8434727582723314,0.5227636202758722,-0.9515243182612089,0.1598829723880052],"winRate":100,"dim":9}